Workbook

Sheet Prescriptions
A1: prescription_id | B1: patient_id | C1: drug_id | D1: physician_id | E1: hospital_id | F1: drug_cost
A2: 1 | B2: 1 | C2: 1 | D2: 1 | E2: 1 | F2: 14.62
A3: 2 | B3: 1 | C3: 2 | D3: 1 | E3: 1 | F3: 20.55
A4: 3 | B4: 2 | C4: 3 | D4: 2 | E4: 2 | F4: 394
A5: 4 | B5: 2 | C5: 4 | D5: 3 | E5: 2 | F5: 7000
A6: 5 | B6: 3 | C6: 5 | D6: 4 | E6: 3 | F6: 21644
A7: 6 | B7: 4 | C7: 6 | D7: 5 | E7: 4 | F7: 10.58
A8: 7 | B8: 4 | C8: 2 | D8: 6 | E8: 4 | F8: 20.55
A9: 8 | B9: 4 | C9: 7 | D9: 6 | E9: 4 | F9: 37.5
A10: 9 | B10: 5 | C10: 8 | D10: 7 | E10: 5 | F10: 860
A11: 10 | B11: 5 | C11: 7 | D11: 7 | E11: 5 | F11: 37.5

Sheet Manufacturers
A1: manufacturer_id | B1: manufacturer_name
A2: 1 | B2: USAntibiotics
A3: 2 | B3: Pfizer
A4: 3 | B4: Baxter International Inc
A5: 4 | B5: Abbvie
A6: 5 | B6: Mylan Pharmaceuticals
A7: 6 | B7: Genentech

Sheet Drugs
A1: drug_id | B1: prescribed_drug | C1: manufacturer_id
A2: 1 | B2: Amoxil | C2: 1
A3: 2 | B3: Micronase | C3: 2
A4: 3 | B4: Zosyn | C4: 3
A5: 4 | B5: Humira | C5: 4
A6: 5 | B6: Inlyta | C6: 2
A7: 6 | B7: Atenolol | C7: 5
A8: 7 | B8: Demerol | C8: 2
A9: 8 | B9: Xeloda | C9: 6

Sheet Patients
A1: patient_id | B1: patient_name | C1: date_of_birth | D1: patient_sex | E1: patient_insurance
A2: 1 | B2: Nkemdilim Arendonk | C2: 22698 | D2: M | E2: Aetna
A3: 2 | B3: Raniero Coumans | C3: 33100 | D3: M | E3: Cigna
A4: 3 | B4: Mizuki Debenham | C4: 28196 | D4: F | E4: Kaiser Permanente
A5: 4 | B5: Zoë De Witt | C5: 17494 | D5: F | E5: Medicare
A6: 5 | B6: Bonnie Hooper | C6: 18813 | D6: F | E6: Blue Cross Blue Shield

Sheet Physicians
A1: physician_id | B1: prescribing_physician | C1: physician_medschool | D1: physician_years_experience
A2: 1 | B2: Earnest Caro | C2: University of California (Irvine) | D2: 14
A3: 2 | B3: Pamela English | C3: University of Michigan | D3: 29
A4: 3 | B4: Samantha Bergerson | C4: Johns Hopkins University | D4: 10
A5: 4 | B5: Lewis Conti | C5: North Carolina State University | D5: 8
A6: 5 | B6: Theresa Dahlmans | C6: Lake Erie College of Medicine | D6: 17
A7: 6 | B7: Hilde Ali | C7: Colorado University Boulder | D7: 11
A8: 7 | B8: Steven Garbutt | C8: Ohio State University | D8: 36

Sheet Hospitals
A1: hospital_id | B1: hospital | C1: hospital_location
A2: 1 | B2: UPMC Presbyterian Shadyside | C2: Pittsburgh, PA
A3: 2 | B3: Northwestern Memorial Hospital | C3: Chicago, IL
A4: 3 | B4: Houston Methodist Hospital | C4: Houston, TX
A5: 4 | B5: Mount Sinai Hospital | C5: New York, NY
A6: 5 | B6: UCSF Medical Center | C6: San Francisco, CA

Sheet Conditions
A1: condition_id | B1: condition
A2: 1 | B2: Pneumonia
A3: 2 | B3: Diabetes
A4: 3 | B4: Rubella
A5: 4 | B5: Appendicitis
A6: 5 | B6: Crohn's disease
A7: 6 | B7: Mononucleosis
A8: 7 | B8: Kidney Cancer
A9: 8 | B9: Cardiomyopathy
A10: 9 | B10: Sciatica
A11: 10 | B11: Shingles
A12: 11 | B12: Pancreatic Cancer

Sheet PatientConditions
A1: patient_id | B1: condition_id | C1: patient_name | D1: condition
A2: {=XLOOKUP(C2,Patients!B:B,Patients!A:A)} -> 1 | B2: {=XLOOKUP(D:D,Conditions!B:B,Conditions!A:A)} -> 1 | C2: Nkemdilim Arendonk | D2: Pneumonia
A3: {=XLOOKUP(C3,Patients!B:B,Patients!A:A)} -> 1 | B3: {=XLOOKUP(D:D,Conditions!B:B,Conditions!A:A)} -> 2 | C3: Nkemdilim Arendonk | D3: Diabetes
A4: {=XLOOKUP(C4,Patients!B:B,Patients!A:A)} -> 1 | B4: {=XLOOKUP(D:D,Conditions!B:B,Conditions!A:A)} -> 3 | C4: Nkemdilim Arendonk | D4: Rubella
A5: {=XLOOKUP(C5,Patients!B:B,Patients!A:A)} -> 2 | B5: {=XLOOKUP(D:D,Conditions!B:B,Conditions!A:A)} -> 4 | C5: Raniero Coumans | D5: Appendicitis
A6: {=XLOOKUP(C6,Patients!B:B,Patients!A:A)} -> 2 | B6: {=XLOOKUP(D:D,Conditions!B:B,Conditions!A:A)} -> 5 | C6: Raniero Coumans | D6: Crohn's disease
A7: {=XLOOKUP(C7,Patients!B:B,Patients!A:A)} -> 2 | B7: {=XLOOKUP(D:D,Conditions!B:B,Conditions!A:A)} -> 6 | C7: Raniero Coumans | D7: Mononucleosis
A8: {=XLOOKUP(C8,Patients!B:B,Patients!A:A)} -> 3 | B8: {=XLOOKUP(D:D,Conditions!B:B,Conditions!A:A)} -> 7 | C8: Mizuki Debenham | D8: Kidney Cancer
A9: {=XLOOKUP(C9,Patients!B:B,Patients!A:A)} -> 4 | B9: {=XLOOKUP(D:D,Conditions!B:B,Conditions!A:A)} -> 8 | C9: Zoë De Witt | D9: Cardiomyopathy
A10: {=XLOOKUP(C10,Patients!B:B,Patients!A:A)} -> 4 | B10: {=XLOOKUP(D:D,Conditions!B:B,Conditions!A:A)} -> 2 | C10: Zoë De Witt | D10: Diabetes
A11: {=XLOOKUP(C11,Patients!B:B,Patients!A:A)} -> 4 | B11: {=XLOOKUP(D:D,Conditions!B:B,Conditions!A:A)} -> 9 | C11: Zoë De Witt | D11: Sciatica
A12: {=XLOOKUP(C12,Patients!B:B,Patients!A:A)} -> 4 | B12: {=XLOOKUP(D:D,Conditions!B:B,Conditions!A:A)} -> 10 | C12: Zoë De Witt | D12: Shingles
A13: {=XLOOKUP(C13,Patients!B:B,Patients!A:A)} -> 5 | B13: {=XLOOKUP(D:D,Conditions!B:B,Conditions!A:A)} -> 11 | C13: Bonnie Hooper | D13: Pancreatic Cancer
A14: {=XLOOKUP(C14,Patients!B:B,Patients!A:A)} -> 5 | B14: {=XLOOKUP(D:D,Conditions!B:B,Conditions!A:A)} -> 9 | C14: Bonnie Hooper | D14: Sciatica
